{"cameraMode":{"drawMode":0,"name":"Shaded","section":"Shading Mode"},"sceneLighting":false,"audioPlay":false,"sceneViewState":{"showFog":true,"showMaterialUpdate":true,"showSkybox":false,"showFlares":true,"showImageEffects":true,"showParticleSystems":true},"in2DMode":false,"pivot":{"x":0.019053928554058076,"y":-0.11278116703033447,"z":-0.20353829860687257},"rotation":{"x":0.0113305589184165,"y":0.9765256643295288,"z":-0.20845529437065125,"w":0.05307867377996445},"size":0.2660253643989563,"orthographic":false}