{"cameraMode":{"drawMode":0,"name":"Shaded","section":"Shading Mode"},"sceneLighting":false,"audioPlay":false,"sceneViewState":{"showFog":true,"showMaterialUpdate":true,"showSkybox":false,"showFlares":true,"showImageEffects":true,"showParticleSystems":true},"in2DMode":false,"pivot":{"x":1.4953171014785767,"y":2.3844943046569826,"z":1.2408041954040528},"rotation":{"x":-0.04786524921655655,"y":-0.13235807418823243,"z":0.006399144884198904,"w":-0.9900291562080383},"size":3.1912877559661867,"orthographic":false}